customer_id,first_name,last_name,email,signup_date,address
101,John,Doe,john.doe@example.com,2024-01-10,"123 Elm St, Springfield"
102,Jane,Smith,jane.smith@example.com,2024-02-15,"456 Oak St, Springfield"
103,Emily,Jones,emily.jones@example.com,2024-03-20,"789 Pine St, Springfield"
104,Michael,Brown,michael.brown@example.com,2024-04-25,"321 Maple St, Springfield"
105,Jessica,Davis,jessica.davis@example.com,2024-05-30,"654 Birch St, Springfield"
106,David,Williams,david.williams@example.com,2024-06-10,"987 Cedar St, Springfield"
107,Sarah,Johnson,sarah.johnson@example.com,2024-07-15,"159 Spruce St, Springfield"
108,Daniel,Garcia,daniel.garcia@example.com,2024-08-20,"753 Willow St, Springfield"
109,Ashley,Martinez,ashley.martinez@example.com,2024-09-10,"258 Fir St, Springfield"
110,James,Wilson,james.wilson@example.com,2024-10-01,"369 Pine St, Springfield"
111,Ava,Moore,ava.moore@example.com,2024-10-02,"123 Birch St, Springfield"
112,Liam,Taylor,liam.taylor@example.com,2024-10-03,"456 Maple St, Springfield"
113,Olivia,Anderson,olivia.anderson@example.com,2024-10-04,"789 Elm St, Springfield"
114,Noah,Thomas,noah.thomas@example.com,2024-10-05,"321 Cedar St, Springfield"
115,Sophia,Jackson,sophia.jackson@example.com,2024-10-06,"654 Fir St, Springfield"
116,Mason,White,mason.white@example.com,2024-10-07,"987 Oak St, Springfield"
117,Isabella,Harris,isabella.harris@example.com,2024-10-08,"159 Willow St, Springfield"
118,Ethan,Martin,ethan.martin@example.com,2024-10-09,"753 Spruce St, Springfield"
119,Charlotte,Thompson,charlotte.thompson@example.com,2024-10-10,"258 Maple St, Springfield"
