[
    {"transaction_id": 201, "customer_id": 101, "transaction_date": "2024-10-10T10:45:00Z", "transaction_amount": 750.00, "product_id": 204, "quantity": 3, "payment_type": "Debit Card"},
    {"transaction_id": 202, "customer_id": 102, "transaction_date": "2024-10-10T10:05:00Z", "transaction_amount": 150.00, "product_id": 203, "quantity": 2, "payment_type": "Debit Card"},
    {"transaction_id": 203, "customer_id": 103, "transaction_date": "2024-10-10T10:10:00Z", "transaction_amount": 600.00, "product_id": 201, "quantity": 30, "payment_type": "PayPal"},
    {"transaction_id": 204, "customer_id": 104, "transaction_date": "2024-10-10T10:15:00Z", "transaction_amount": 10100101.00, "product_id": 204, "quantity": 1, "payment_type": "Credit Card"},
    {"transaction_id": 205, "customer_id": 105, "transaction_date": "2024-10-10T10:20:00Z", "transaction_amount": 120.00, "product_id": 206, "quantity": 1, "payment_type": "Credit Card"},
    {"transaction_id": 206, "customer_id": 106, "transaction_date": "2024-10-10T10:25:00Z", "transaction_amount": 1000.00, "product_id": 207, "quantity": 1, "payment_type": "Debit Card"},
    {"transaction_id": 207, "customer_id": 107, "transaction_date": "2024-10-10T10:30:00Z", "transaction_amount": 1800.00, "product_id": 201, "quantity": 10, "payment_type": "Credit Card"},
    {"transaction_id": 208, "customer_id": 108, "transaction_date": "2024-10-10T10:35:00Z", "transaction_amount": 2200.00, "product_id": 209, "quantity": 12, "payment_type": "Credit Card"},
    {"transaction_id": 209, "customer_id": 109, "transaction_date": "2024-10-10T10:40:00Z", "transaction_amount": 3000.00, "product_id": 210, "quantity": 24, "payment_type": "PayPal"},
    {"transaction_id": 210, "customer_id": 110, "transaction_date": "2024-10-10T10:45:00Z", "transaction_amount": 500.00, "product_id": 211, "quantity": 1, "payment_type": "Credit Card"},
    {"transaction_id": 211, "customer_id": 111, "transaction_date": "2024-10-10T10:50:00Z", "transaction_amount": 320.00, "product_id": 212, "quantity": 1, "payment_type": "Debit Card"},
    {"transaction_id": 212, "customer_id": 112, "transaction_date": "2024-10-10T10:55:00Z", "transaction_amount": 450.00, "product_id": 213, "quantity": 1, "payment_type": "Credit Card"},
    {"transaction_id": 213, "customer_id": 113, "transaction_date": "2024-10-10T11:00:00Z", "transaction_amount": 600.00, "product_id": 214, "quantity": 1, "payment_type": "PayPal"},
    {"transaction_id": 214, "customer_id": 114, "transaction_date": "2024-10-10T11:05:00Z", "transaction_amount": 700.00, "product_id": 215, "quantity": 1, "payment_type": "Credit Card"},
    {"transaction_id": 215, "customer_id": 115, "transaction_date": "2024-10-10T11:10:00Z", "transaction_amount": 800.00, "product_id": 216, "quantity": 1, "payment_type": "Debit Card"},
    {"transaction_id": 216, "customer_id": 116, "transaction_date": "2024-10-10T11:15:00Z", "transaction_amount": 900.00, "product_id": 217, "quantity": 1, "payment_type": "Credit Card"},
    {"transaction_id": 217, "customer_id": 117, "transaction_date": "2024-10-10T11:20:00Z", "transaction_amount": 1000.00, "product_id": 218, "quantity": 1, "payment_type": "PayPal"},
    {"transaction_id": 218, "customer_id": 118, "transaction_date": "2024-10-10T11:25:00Z", "transaction_amount": 1100.00, "product_id": 219, "quantity": 1, "payment_type": "Credit Card"},
    {"transaction_id": 219, "customer_id": 119, "transaction_date": "2024-10-10T11:30:00Z", "transaction_amount": 1200.00, "product_id": 220, "quantity": 1, "payment_type": "Debit Card"},
    {"transaction_id": 220, "customer_id": 120, "transaction_date": "2024-10-10T11:35:00Z", "transaction_amount": 1300.00, "product_id": 221, "quantity": 1, "payment_type": "Credit Card"},
    {"transaction_id": 221, "customer_id": 121, "transaction_date": "2024-10-10T11:40:00Z", "transaction_amount": 1400.00, "product_id": 222, "quantity": 1, "payment_type": "PayPal"},
    {"transaction_id": 222, "customer_id": 122, "transaction_date": "2024-10-10T11:45:00Z", "transaction_amount": 1500.00, "product_id": 223, "quantity": 1, "payment_type": "Credit Card"},
    {"transaction_id": 223, "customer_id": 123, "transaction_date": "2024-10-10T11:50:00Z", "transaction_amount": 1600.00, "product_id": 224, "quantity": 1, "payment_type": "Debit Card"},
    {"transaction_id": 224, "customer_id": 124, "transaction_date": "2024-10-10T11:55:00Z", "transaction_amount": 1700.00, "product_id": 225, "quantity": 1, "payment_type": "Credit Card"},
    {"transaction_id": 225, "customer_id": 125, "transaction_date": "2024-10-10T12:00:00Z", "transaction_amount": 1800.00, "product_id": 226, "quantity": 1, "payment_type": "PayPal"},
    {"transaction_id": 226, "customer_id": 126, "transaction_date": "2024-10-10T12:05:00Z", "transaction_amount": 1900.00, "product_id": 227, "quantity": 1, "payment_type": "Credit Card"},
    {"transaction_id": 227, "customer_id": 127, "transaction_date": "2024-10-10T12:10:00Z", "transaction_amount": 2000.00, "product_id": 228, "quantity": 1, "payment_type": "Debit Card"},
    {"transaction_id": 228, "customer_id": 128, "transaction_date": "2024-10-10T12:15:00Z", "transaction_amount": 2100.00, "product_id": 229, "quantity": 1, "payment_type": "Credit Card"},
    {"transaction_id": 229, "customer_id": 129, "transaction_date": "2024-10-10T12:20:00Z", "transaction_amount": 2200.00, "product_id": 230, "quantity": 1, "payment_type": "PayPal"},
    {"transaction_id": 230, "customer_id": 130, "transaction_date": "2024-10-10T12:25:00Z", "transaction_amount": 2300.00, "product_id": 231, "quantity": 1, "payment_type": "Credit Card"},
    {"transaction_id": 231, "customer_id": 131, "transaction_date": "2024-10-10T12:30:00Z", "transaction_amount": 2400.00, "product_id": 232, "quantity": 1, "payment_type": "Debit Card"}]
