review_id,customer_id,product_id,review_text,rating,review_date
1,101,201,"Great product, very satisfied!",5,"2024-10-02"
2,102,202,"Decent smartphone but battery life could be better.",3,"2024-10-01"
3,103,203,"Excellent sound quality!",4,"2024-10-03"
4,104,204,"Love this smartwatch, it's very stylish!",5,"2024-10-04"
5,105,205,"The tablet is good, but I expected more features.",3,"2024-10-05"
6,106,206,"The monitor is stunning for gaming!",5,"2024-10-06"
7,107,207,"Keyboard is comfortable, but the keys are a bit noisy.",4,"2024-10-07"
8,108,208,"Mouse works great, very smooth!",5,"2024-10-08"
9,109,209,"Webcam quality is excellent for video calls.",4,"2024-10-09"
10,110,210,"Speakers have good bass but lack clarity.",3,"2024-10-10"
11,111,201,"Laptop works perfectly for my needs.",5,"2024-10-02"
12,112,202,"Smartphone is good overall, but the camera is average.",3,"2024-10-03"
13,113,203,"Headphones are fantastic for noise cancellation!",5,"2024-10-04"
14,114,204,"Smartwatch has a lot of features but is a bit bulky.",4,"2024-10-05"
15,115,205,"Tablet is useful for reading and browsing.",4,"2024-10-06"
16,116,206,"Monitor is great for photo editing!",5,"2024-10-07"
17,117,207,"Keyboard feels sturdy and responsive.",4,"2024-10-08"
18,118,208,"Mouse is ergonomic and fits well in my hand.",5,"2024-10-09"
19,119,209,"Webcam works seamlessly with my laptop.",4,"2024-10-10"
